fecha,cliente,producto,monto,moneda,origen,finca,forma_pago,descripcion
2025-01-21,SARMIENTO,otro,2218300.0,ars,no_oficial,media_agua,efectivo,Migración Excel BD COBROS · DESTINO=SANDIA · COBRO=EFECTIVO · FORMA=CAJA
2025-01-16,JV,otro,20000000.0,ars,no_oficial,media_agua,efectivo,Migración Excel BD COBROS (tabla derecha)
2025-01-24,ERICK,uva_fresca,400000.0,ars,no_oficial,media_agua,efectivo,Migración Excel BD COBROS · DESTINO=UVA DE MESA · COBRO=EFECTIVO · FORMA=CAJA
2025-02-05,BRIX,otro,1233600.0,ars,no_oficial,media_agua,transferencia,Migración Excel BD COBROS (tabla derecha)
2025-01-25,CASARES,uva_fresca,1000000.0,ars,no_oficial,media_agua,efectivo,Migración Excel BD COBROS · DESTINO=UVA DE MESA · COBRO=EFECTIVO · FORMA=CAJA
2025-02-05,JV,otro,5632000.0,ars,no_oficial,media_agua,efectivo,Migración Excel BD COBROS (tabla derecha)
2025-01-25,CASARES,uva_fresca,350000.0,ars,no_oficial,media_agua,cheque,Migración Excel BD COBROS · DESTINO=UVA DE MESA · COBRO=CHEQUE · FORMA=CAJA · BANCO=PROVINCIA · CHEQUE=2845
2025-02-05,JV,otro,6000.0,usd,no_oficial,media_agua,efectivo,Migración Excel BD COBROS (tabla derecha)
2025-01-25,CASARES,uva_fresca,350000.0,ars,no_oficial,media_agua,cheque,Migración Excel BD COBROS · DESTINO=UVA DE MESA · COBRO=CHEQUE · FORMA=CAJA · BANCO=PROVINCIA · CHEQUE=3185
2025-02-20,BRIX,otro,2000000.0,ars,no_oficial,media_agua,transferencia,Migración Excel BD COBROS (tabla derecha)
2025-01-25,CASARES,uva_fresca,1200000.0,ars,no_oficial,media_agua,cheque,Migración Excel BD COBROS · DESTINO=UVA DE MESA · COBRO=CHEQUE · FORMA=CAJA · BANCO=SANTANDER · CHEQUE=486 · DETALLE=SUELDO
2025-02-21,CAVAS,otro,4100085.0,ars,no_oficial,media_agua,transferencia,Migración Excel BD COBROS (tabla derecha)
2025-01-25,CASARES,uva_fresca,603372.78,ars,no_oficial,media_agua,cheque,Migración Excel BD COBROS · DESTINO=UVA DE MESA · COBRO=CHEQUE · FORMA=CAJA · BANCO=ICBC · CHEQUE=2688
2025-03-07,BRIX,otro,1500000.0,ars,no_oficial,media_agua,transferencia,Migración Excel BD COBROS (tabla derecha)
2025-01-25,CASARES,uva_fresca,550000.0,ars,no_oficial,media_agua,cheque,Migración Excel BD COBROS · DESTINO=UVA DE MESA · COBRO=CHEQUE · FORMA=CAJA · BANCO=ICBC · CHEQUE=3860
2025-04-14,CAVAS,otro,4100085.0,ars,no_oficial,media_agua,transferencia,Migración Excel BD COBROS (tabla derecha)
2025-01-25,CASARES,uva_fresca,720000.0,ars,no_oficial,media_agua,cheque,Migración Excel BD COBROS · DESTINO=UVA DE MESA · COBRO=CHEQUE · FORMA=CAJA · BANCO=PROVINCIA · CHEQUE=2627 · DETALLE=CUBIERTA
2025-11-05,BRIX,otro,2000000.0,ars,no_oficial,media_agua,transferencia,Migración Excel BD COBROS (tabla derecha)
2025-01-25,CASARES,uva_fresca,627000.0,ars,no_oficial,media_agua,cheque,Migración Excel BD COBROS · DESTINO=UVA DE MESA · COBRO=CHEQUE · FORMA=CAJA · BANCO=LA PAMPA · CHEQUE=6296 · DETALLE=JORGE POLLAS
2025-11-13,BRIX,otro,2000000.0,ars,no_oficial,media_agua,transferencia,Migración Excel BD COBROS (tabla derecha)
2025-01-25,CASARES,uva_fresca,900000.0,ars,no_oficial,media_agua,cheque,Migración Excel BD COBROS · DESTINO=UVA DE MESA · COBRO=CHEQUE · FORMA=CAJA · BANCO=SANTANDER · CHEQUE=6734
2025-11-28,BRIX,otro,2000000.0,ars,no_oficial,media_agua,transferencia,Migración Excel BD COBROS (tabla derecha)
2025-01-25,CASARES,uva_fresca,1000000.0,ars,no_oficial,media_agua,cheque,Migración Excel BD COBROS · DESTINO=UVA DE MESA · COBRO=CHEQUE · FORMA=CAJA · BANCO=BBVA · CHEQUE=8283
2025-12-16,BRIX,otro,2000000.0,ars,no_oficial,media_agua,transferencia,Migración Excel BD COBROS (tabla derecha)
2025-02-04,FERRER,otro,2310000.0,ars,no_oficial,media_agua,cheque,Migración Excel BD COBROS · DESTINO=CEBOLLA · COBRO=CHEQUE · FORMA=CAJA · BANCO=BBVA · CHEQUE=5487
2026-12-30,BRIX,otro,2000000.0,ars,no_oficial,media_agua,transferencia,Migración Excel BD COBROS (tabla derecha)
2025-02-04,FERRER,otro,2310000.0,ars,no_oficial,media_agua,cheque,Migración Excel BD COBROS · DESTINO=CEBOLLA · COBRO=CHEQUE · FORMA=CAJA · BANCO=BBVA · CHEQUE=5488
2026-01-16,BRIX,otro,2000000.0,ars,no_oficial,media_agua,transferencia,Migración Excel BD COBROS (tabla derecha)
2025-02-04,FERRER,otro,2310000.0,ars,no_oficial,media_agua,cheque,Migración Excel BD COBROS · DESTINO=CEBOLLA · COBRO=CHEQUE · FORMA=CAJA · BANCO=BBVA · CHEQUE=5489
2025-02-05,MILLAN,uva_fresca,570850.0,ars,oficial,media_agua,transferencia,"Migración Excel BD COBROS · DESTINO=BODEGA · COBRO=TRANSF · FORMA=BSJ · DETALLE=AD 100 5,220"
2025-02-05,PUTRUELE,uva_fresca,5372500.0,ars,oficial,media_agua,transferencia,Migración Excel BD COBROS · DESTINO=UVA DE MESA · COBRO=TRANSF · FORMA=BSJ
2025-02-11,ERICK,uva_fresca,900000.0,ars,no_oficial,media_agua,efectivo,Migración Excel BD COBROS · DESTINO=UVA DE MESA · COBRO=EFECTIVO · FORMA=CAJA
2025-02-13,PUTRUELE,uva_fresca,3229500.0,ars,oficial,media_agua,transferencia,Migración Excel BD COBROS · DESTINO=UVA DE MESA · COBRO=TRANSF · FORMA=BSJ
2025-02-14,BRIX,uva_fresca,882000.0,ars,oficial,media_agua,transferencia,"Migración Excel BD COBROS · DESTINO=BODEGA · COBRO=TRANSF · FORMA=BSJ · DETALLE=AD 60 14,700"
2025-02-21,BRIX,uva_fresca,1850000.0,ars,oficial,media_agua,transferencia,"Migración Excel BD COBROS · DESTINO=BODEGA · COBRO=TRANSF · FORMA=BSJ · DETALLE=AD 60 30,900"
2025-02-21,CAVAS,uva_fresca,1020000.0,ars,oficial,media_agua,transferencia,"Migración Excel BD COBROS · DESTINO=BODEGA · COBRO=TRANSF · FORMA=BSJ · DETALLE=AD 40 25,500"
2025-02-22,CARRASCOSA,uva_fresca,2500000.0,ars,no_oficial,media_agua,transferencia,Migración Excel BD COBROS · DESTINO=UVA DE MESA · COBRO=TRANSF · FORMA=MP CAMILO
2025-02-22,CARRASCOSA,uva_fresca,386620.0,ars,no_oficial,media_agua,cheque,Migración Excel BD COBROS · DESTINO=UVA DE MESA · COBRO=CHEQUE · FORMA=CAJA · BANCO=CREDICOOP · CHEQUE=2145
2025-02-22,CARRASCOSA,uva_fresca,492380.0,ars,no_oficial,media_agua,cheque,Migración Excel BD COBROS · DESTINO=UVA DE MESA · COBRO=CHEQUE · FORMA=CAJA · BANCO=NACION · CHEQUE=8678
2025-02-22,CARRASCOSA,uva_fresca,500000.0,ars,no_oficial,media_agua,cheque,Migración Excel BD COBROS · DESTINO=UVA DE MESA · COBRO=CHEQUE · FORMA=CAJA · BANCO=NACION · CHEQUE=31216
2025-02-22,CARRASCOSA,uva_fresca,500000.0,ars,no_oficial,media_agua,cheque,Migración Excel BD COBROS · DESTINO=UVA DE MESA · COBRO=CHEQUE · FORMA=CAJA · BANCO=NACION · CHEQUE=31217
2025-02-22,CARRASCOSA,uva_fresca,500000.0,ars,no_oficial,media_agua,cheque,Migración Excel BD COBROS · DESTINO=UVA DE MESA · COBRO=CHEQUE · FORMA=CAJA · BANCO=NACION · CHEQUE=31218
2025-02-22,CARRASCOSA,uva_fresca,500000.0,ars,no_oficial,media_agua,cheque,Migración Excel BD COBROS · DESTINO=UVA DE MESA · COBRO=CHEQUE · FORMA=CAJA · BANCO=NACION · CHEQUE=31219
2025-02-22,CARRASCOSA,uva_fresca,500000.0,ars,no_oficial,media_agua,cheque,Migración Excel BD COBROS · DESTINO=UVA DE MESA · COBRO=CHEQUE · FORMA=CAJA · BANCO=NACION · CHEQUE=31220
2025-02-22,CARRASCOSA,uva_fresca,500000.0,ars,no_oficial,media_agua,cheque,Migración Excel BD COBROS · DESTINO=UVA DE MESA · COBRO=CHEQUE · FORMA=CAJA · BANCO=NACION · CHEQUE=31202
2025-02-22,CARRASCOSA,uva_fresca,700000.0,ars,no_oficial,media_agua,cheque,Migración Excel BD COBROS · DESTINO=UVA DE MESA · COBRO=CHEQUE · FORMA=CAJA · BANCO=SANTANDER · CHEQUE=307
2025-02-22,CARRASCOSA,uva_fresca,720000.0,ars,no_oficial,media_agua,cheque,Migración Excel BD COBROS · DESTINO=UVA DE MESA · COBRO=CHEQUE · FORMA=CAJA · BANCO=PROVINCIA · CHEQUE=1821
2025-02-25,SARMIENTO,otro,1085000.0,ars,no_oficial,media_agua,efectivo,Migración Excel BD COBROS · DESTINO=SANDIA · COBRO=EFECTIVO · FORMA=CAJA
2025-02-26,MILLAN,uva_fresca,3121436.5,ars,oficial,media_agua,transferencia,"Migración Excel BD COBROS · DESTINO=BODEGA · COBRO=TRANSF · FORMA=BSJ · DETALLE=AD 100 28,769"
2025-02-28,BRIX,uva_fresca,1200000.0,ars,oficial,media_agua,transferencia,"Migración Excel BD COBROS · DESTINO=BODEGA · COBRO=TRANSF · FORMA=BSJ · DETALLE=AD 60 20,000"
2025-03-06,PUTRUELE,uva_fresca,10000000.0,ars,no_oficial,media_agua,transferencia,Migración Excel BD COBROS · DESTINO=UVA DE MESA · COBRO=TRANSF · FORMA=BSJ
2025-03-07,CAVAS,uva_fresca,942400.0,ars,oficial,media_agua,transferencia,"Migración Excel BD COBROS · DESTINO=BODEGA · COBRO=TRANSF · FORMA=BSJ · DETALLE=AD 40 23,560"
2025-03-07,BRIX,uva_fresca,550000.0,ars,oficial,media_agua,transferencia,"Migración Excel BD COBROS · DESTINO=BODEGA · COBRO=TRANSF · FORMA=BSJ · DETALLE=AD 60 9,200"
2025-03-07,MILLAN,uva_fresca,2652189.0,ars,oficial,media_agua,transferencia,"Migración Excel BD COBROS · DESTINO=BODEGA · COBRO=TRANSF · FORMA=BSJ · DETALLE=AD 100 24,154"
2025-03-07,ERICK,uva_fresca,66000.0,ars,no_oficial,media_agua,efectivo,Migración Excel BD COBROS · DESTINO=UVA DE MESA · COBRO=EFECTIVO · FORMA=CAJA · DETALLE=SALDO SUPERIOR
2025-03-07,ERICK,uva_fresca,500000,ars,no_oficial,media_agua,efectivo,Migración Excel BD COBROS · DESTINO=UVA DE MESA · COBRO=EFECTIVO · FORMA=CAJA
2025-03-07,ERICK,uva_fresca,600000.0,ars,no_oficial,media_agua,cheque,Migración Excel BD COBROS · DESTINO=UVA DE MESA · COBRO=CHEQUE · FORMA=CAJA · BANCO=SANTANDER · CHEQUE=732
2025-03-12,MILLAN,uva_fresca,713930.0,ars,oficial,media_agua,transferencia,"Migración Excel BD COBROS · DESTINO=BODEGA · COBRO=TRANSF · FORMA=BSJ · DETALLE=AD 100 6,580"
2025-03-12,MOLINA,otro,1544000.0,ars,no_oficial,media_agua,cheque,Migración Excel BD COBROS · DESTINO=ALFALFA · COBRO=CHEQUE · FORMA=CAJA · BANCO=SAN JUAN · CHEQUE=5324
2025-03-12,MOLINA,otro,1544000.0,ars,no_oficial,media_agua,cheque,Migración Excel BD COBROS · DESTINO=ALFALFA · COBRO=CHEQUE · FORMA=CAJA · BANCO=SAN JUAN · CHEQUE=5325
2025-03-12,MOLINA,otro,212000.0,ars,no_oficial,media_agua,efectivo,Migración Excel BD COBROS · DESTINO=ALFALFA · COBRO=EFECTIVO · FORMA=CAJA
2025-03-13,PUTRUELE,uva_fresca,5000000.0,ars,oficial,media_agua,transferencia,Migración Excel BD COBROS · DESTINO=UVA DE MESA · COBRO=TRANSF · FORMA=BSJ
2025-03-14,OLIVER,uva_fresca,3000000.0,ars,oficial,media_agua,efectivo,Migración Excel BD COBROS · DESTINO=BODEGA · COBRO=EFECTIVO · FORMA=CAJA
2025-03-14,CARRASCOSA,uva_fresca,2500000.0,ars,no_oficial,media_agua,transferencia,Migración Excel BD COBROS · DESTINO=UVA DE MESA · COBRO=TRANSF · FORMA=GALICIA NICO
2025-03-17,ERICK,uva_fresca,3000000.0,ars,no_oficial,media_agua,efectivo,Migración Excel BD COBROS · DESTINO=UVA DE MESA · COBRO=EFECTIVO · FORMA=CAJA
2025-03-19,PUTRUELE,uva_fresca,10000000.0,ars,oficial,media_agua,transferencia,Migración Excel BD COBROS · DESTINO=UVA DE MESA · COBRO=TRANSF · FORMA=BSJ
2025-03-19,CARRASCOSA,uva_fresca,1000000.0,ars,no_oficial,media_agua,transferencia,Migración Excel BD COBROS · DESTINO=UVA DE MESA · COBRO=TRANSF · FORMA=MP CAMILO
2025-03-20,CARRASCOSA,uva_fresca,1000000.0,ars,no_oficial,media_agua,transferencia,Migración Excel BD COBROS · DESTINO=UVA DE MESA · COBRO=TRANSF · FORMA=NARANJA NICO
2025-03-21,CAVAS,uva_fresca,760800.0,ars,oficial,media_agua,transferencia,Migración Excel BD COBROS · DESTINO=BODEGA · COBRO=TRANSF · FORMA=BSJ
2025-03-21,BRIX,uva_fresca,1770000.0,ars,oficial,media_agua,transferencia,Migración Excel BD COBROS · DESTINO=BODEGA · COBRO=TRANSF · FORMA=BSJ
2025-03-21,OLIVER,uva_fresca,3000000.0,ars,oficial,media_agua,efectivo,Migración Excel BD COBROS · DESTINO=BODEGA · COBRO=EFECTIVO · FORMA=CAJA
2025-03-24,CARRASCOSA,uva_fresca,80000.0,ars,no_oficial,media_agua,transferencia,Migración Excel BD COBROS · DESTINO=UVA DE MESA · COBRO=TRANSF · FORMA=CAJA
2025-03-24,CARRASCOSA,uva_fresca,180000.0,ars,no_oficial,media_agua,transferencia,Migración Excel BD COBROS · DESTINO=UVA DE MESA · COBRO=TRANSF · FORMA=CAJA
2025-03-26,CARRASCOSA,uva_fresca,515000.0,ars,no_oficial,media_agua,transferencia,Migración Excel BD COBROS · DESTINO=UVA DE MESA · COBRO=TRANSF · FORMA=CAJA
2025-03-26,CARRASCOSA,uva_fresca,65000.0,ars,no_oficial,media_agua,transferencia,Migración Excel BD COBROS · DESTINO=UVA DE MESA · COBRO=TRANSF · FORMA=CAJA
2025-03-26,CARRASCOSA,uva_fresca,24000.0,ars,no_oficial,media_agua,transferencia,Migración Excel BD COBROS · DESTINO=UVA DE MESA · COBRO=TRANSF · FORMA=CAJA
2025-03-27,PUTRUELE,uva_fresca,10000000.0,ars,oficial,media_agua,transferencia,Migración Excel BD COBROS · DESTINO=UVA DE MESA · COBRO=TRANSF · FORMA=BSJ
2025-03-27,MOLINA,otro,1625000.0,ars,no_oficial,media_agua,efectivo,Migración Excel BD COBROS · DESTINO=ALFALFA · COBRO=EFECTIVO · FORMA=CAJA
2025-03-26,MILLAN,uva_fresca,1022070.0,ars,oficial,media_agua,transferencia,Migración Excel BD COBROS · DESTINO=BODEGA · COBRO=TRANSF · FORMA=BSJ
2025-03-31,CARRASCOSA,uva_fresca,2500000.0,ars,no_oficial,media_agua,transferencia,Migración Excel BD COBROS · DESTINO=UVA DE MESA · COBRO=TRANSF · FORMA=MP CAMILO
2025-03-27,CARRASCOSA,uva_fresca,187000.0,ars,no_oficial,media_agua,transferencia,Migración Excel BD COBROS · DESTINO=UVA DE MESA · COBRO=TRANSF · FORMA=MP CAMILO
2025-03-27,CARRASCOSA,uva_fresca,100000.0,ars,no_oficial,media_agua,transferencia,Migración Excel BD COBROS · DESTINO=UVA DE MESA · COBRO=TRANSF · FORMA=MP CAMILO
2025-03-27,CARRASCOSA,uva_fresca,30000.0,ars,no_oficial,media_agua,transferencia,Migración Excel BD COBROS · DESTINO=UVA DE MESA · COBRO=TRANSF · FORMA=MP CAMILO
2025-03-27,CARRASCOSA,uva_fresca,5000.0,ars,no_oficial,media_agua,transferencia,Migración Excel BD COBROS · DESTINO=UVA DE MESA · COBRO=TRANSF · FORMA=MP CAMILO
2025-03-27,CARRASCOSA,uva_fresca,140000.0,ars,no_oficial,media_agua,transferencia,Migración Excel BD COBROS · DESTINO=UVA DE MESA · COBRO=TRANSF · FORMA=MP CAMILO
2025-03-27,CARRASCOSA,uva_fresca,119000.0,ars,no_oficial,media_agua,transferencia,Migración Excel BD COBROS · DESTINO=UVA DE MESA · COBRO=TRANSF · FORMA=MP CAMILO
2025-03-27,CARRASCOSA,uva_fresca,40000.0,ars,no_oficial,media_agua,transferencia,Migración Excel BD COBROS · DESTINO=UVA DE MESA · COBRO=TRANSF · FORMA=MP CAMILO
2025-03-26,CARRASCOSA,uva_fresca,515000.0,ars,no_oficial,media_agua,transferencia,Migración Excel BD COBROS · DESTINO=UVA DE MESA · COBRO=TRANSF · FORMA=MP CAMILO
2025-03-26,CARRASCOSA,uva_fresca,65000.0,ars,no_oficial,media_agua,transferencia,Migración Excel BD COBROS · DESTINO=UVA DE MESA · COBRO=TRANSF · FORMA=MP CAMILO
2025-03-26,CARRASCOSA,uva_fresca,24000.0,ars,no_oficial,media_agua,transferencia,Migración Excel BD COBROS · DESTINO=UVA DE MESA · COBRO=TRANSF · FORMA=MP CAMILO
2025-03-24,CARRASCOSA,uva_fresca,80000.0,ars,no_oficial,media_agua,transferencia,Migración Excel BD COBROS · DESTINO=UVA DE MESA · COBRO=TRANSF · FORMA=MP CAMILO
2025-03-24,CARRASCOSA,uva_fresca,180000.0,ars,no_oficial,media_agua,transferencia,Migración Excel BD COBROS · DESTINO=UVA DE MESA · COBRO=TRANSF · FORMA=MP CAMILO
2025-03-19,CARRASCOSA,uva_fresca,300000.0,ars,no_oficial,media_agua,transferencia,Migración Excel BD COBROS · DESTINO=UVA DE MESA · COBRO=TRANSF · FORMA=MP CAMILO
2025-03-17,CARRASCOSA,uva_fresca,700000.0,ars,no_oficial,media_agua,transferencia,Migración Excel BD COBROS · DESTINO=UVA DE MESA · COBRO=TRANSF · FORMA=MP CAMILO
2025-02-22,CARRASCOSA,uva_fresca,2500000.0,ars,no_oficial,media_agua,transferencia,Migración Excel BD COBROS · DESTINO=UVA DE MESA · COBRO=TRANSF · FORMA=MP CAMILO
2025-04-03,PUTRUELE,uva_fresca,10000000.0,ars,oficial,media_agua,transferencia,Migración Excel BD COBROS · DESTINO=UVA DE MESA · COBRO=TRANSF · FORMA=BSJ
2025-04-03,CASARES,uva_fresca,460000.0,ars,no_oficial,media_agua,cheque,Migración Excel BD COBROS · DESTINO=UVA DE MESA · COBRO=CHEQUE · FORMA=CAJA · BANCO=ICBC · CHEQUE=1883
2025-04-03,CASARES,uva_fresca,175000.0,ars,no_oficial,media_agua,cheque,Migración Excel BD COBROS · DESTINO=UVA DE MESA · COBRO=CHEQUE · FORMA=CAJA · BANCO=PROVINCIA · CHEQUE=2633
2025-04-03,CASARES,uva_fresca,427000.0,ars,no_oficial,media_agua,cheque,Migración Excel BD COBROS · DESTINO=UVA DE MESA · COBRO=CHEQUE · FORMA=CAJA · BANCO=CREDICOOP · CHEQUE=5840
2025-04-03,CASARES,uva_fresca,100000.0,ars,no_oficial,media_agua,cheque,Migración Excel BD COBROS · DESTINO=UVA DE MESA · COBRO=CHEQUE · FORMA=CAJA · BANCO=CREDICOOP · CHEQUE=6411
2025-04-03,CASARES,uva_fresca,500000.0,ars,no_oficial,media_agua,cheque,Migración Excel BD COBROS · DESTINO=UVA DE MESA · COBRO=CHEQUE · FORMA=CAJA · BANCO=CREDICOOP · CHEQUE=5837
2025-04-03,CASARES,uva_fresca,72000.0,ars,no_oficial,media_agua,cheque,Migración Excel BD COBROS · DESTINO=UVA DE MESA · COBRO=CHEQUE · FORMA=CAJA · BANCO=GALICIA · CHEQUE=7420
2025-04-03,CASARES,uva_fresca,350000.0,ars,no_oficial,media_agua,cheque,Migración Excel BD COBROS · DESTINO=UVA DE MESA · COBRO=CHEQUE · FORMA=CAJA · BANCO=GALICIA · CHEQUE=7424
2025-04-03,CASARES,uva_fresca,750000.0,ars,no_oficial,media_agua,cheque,Migración Excel BD COBROS · DESTINO=UVA DE MESA · COBRO=CHEQUE · FORMA=CAJA · BANCO=GALICIA · CHEQUE=4558
2025-04-03,CASARES,uva_fresca,534295.0,ars,no_oficial,media_agua,cheque,Migración Excel BD COBROS · DESTINO=UVA DE MESA · COBRO=CHEQUE · FORMA=CAJA · BANCO=GALICIA · CHEQUE=2989
2025-04-03,CASARES,uva_fresca,800000.0,ars,no_oficial,media_agua,cheque,Migración Excel BD COBROS · DESTINO=UVA DE MESA · COBRO=CHEQUE · FORMA=CAJA · BANCO=BANCO · CHEQUE=2160
2025-04-03,CASARES,uva_fresca,1000000.0,ars,no_oficial,media_agua,cheque,Migración Excel BD COBROS · DESTINO=UVA DE MESA · COBRO=CHEQUE · FORMA=CAJA · BANCO=BANCO · CHEQUE=2161
2025-04-04,PUTRUELE,uva_fresca,10000000.0,ars,oficial,media_agua,efectivo,Migración Excel BD COBROS · DESTINO=UVA DE MESA · COBRO=EFECTIVO · FORMA=CAJA
2025-04-09,OLIVER,uva_fresca,630954.29,ars,oficial,media_agua,cheque,Migración Excel BD COBROS · DESTINO=BODEGA · COBRO=CHEQUE · FORMA=CAJA · BANCO=GALICIA · CHEQUE=1708
2025-04-09,OLIVER,uva_fresca,802660.0,ars,oficial,media_agua,cheque,Migración Excel BD COBROS · DESTINO=BODEGA · COBRO=CHEQUE · FORMA=CAJA · BANCO=MACRO · CHEQUE=5861
2025-04-09,OLIVER,uva_fresca,404544.0,ars,oficial,media_agua,cheque,Migración Excel BD COBROS · DESTINO=BODEGA · COBRO=CHEQUE · FORMA=CAJA · BANCO=MACRO · CHEQUE=5874
2025-04-09,OLIVER,uva_fresca,404544.0,ars,oficial,media_agua,cheque,Migración Excel BD COBROS · DESTINO=BODEGA · COBRO=CHEQUE · FORMA=CAJA · BANCO=MACRO · CHEQUE=5873
2025-04-09,ERICK,uva_fresca,2000000.0,ars,no_oficial,media_agua,efectivo,Migración Excel BD COBROS · DESTINO=UVA DE MESA · COBRO=EFECTIVO · FORMA=CAJA
2025-03-28,CEGUPA,uva_fresca,6000000.0,ars,oficial,media_agua,transferencia,Migración Excel BD COBROS · DESTINO=BODEGA · COBRO=TRANSF · FORMA=BSJ
2025-03-28,CEGUPA,uva_fresca,900000.0,ars,oficial,media_agua,transferencia,Migración Excel BD COBROS · DESTINO=BODEGA · COBRO=TRANSF · FORMA=BSJ
2025-04-14,CARRASCOSA,uva_fresca,275800.0,ars,no_oficial,media_agua,cheque,Migración Excel BD COBROS · DESTINO=UVA DE MESA · COBRO=CHEQUE · FORMA=CAJA · BANCO=CREDICOOP · CHEQUE=6907
2025-04-14,CARRASCOSA,uva_fresca,500000.0,ars,no_oficial,media_agua,cheque,Migración Excel BD COBROS · DESTINO=UVA DE MESA · COBRO=CHEQUE · FORMA=CAJA · BANCO=SANTANDER · CHEQUE=1586
2025-04-14,CARRASCOSA,uva_fresca,500000.0,ars,no_oficial,media_agua,cheque,Migración Excel BD COBROS · DESTINO=UVA DE MESA · COBRO=CHEQUE · FORMA=CAJA · BANCO=SANTANDER · CHEQUE=1585
2025-04-14,CARRASCOSA,uva_fresca,1500000.0,ars,no_oficial,media_agua,cheque,Migración Excel BD COBROS · DESTINO=UVA DE MESA · COBRO=CHEQUE · FORMA=CAJA · BANCO=BANCO SANTA FE · CHEQUE=6587
2025-04-14,CARRASCOSA,uva_fresca,50200.0,ars,no_oficial,media_agua,efectivo,Migración Excel BD COBROS · DESTINO=UVA DE MESA · COBRO=EFECTIVO · FORMA=CAJA
2025-04-23,VASCO,otro,1685250.0,ars,no_oficial,media_agua,efectivo,Migración Excel BD COBROS · DESTINO=ALFALFA · COBRO=EFECTIVO · FORMA=CAJA
2025-04-23,APROAGRO,otro,241309.78,ars,oficial,media_agua,cheque,Migración Excel BD COBROS · DESTINO=ALFALFA · COBRO=ECHEQUE · FORMA=BSJ · BANCO=SANTANDER
2025-04-23,APROAGRO,otro,870655.33,ars,oficial,media_agua,cheque,Migración Excel BD COBROS · DESTINO=ALFALFA · COBRO=ECHEQUE · FORMA=BSJ · BANCO=SUPERVIELLE
2025-04-23,APROAGRO,otro,4224738.5,ars,oficial,media_agua,cheque,Migración Excel BD COBROS · DESTINO=ALFALFA · COBRO=ECHEQUE · FORMA=BSJ · BANCO=BANCO DE LA PROVINCIA DE BUENOS AIRES
2025-04-23,APROAGRO,otro,5000000.0,ars,oficial,media_agua,cheque,Migración Excel BD COBROS · DESTINO=ALFALFA · COBRO=ECHEQUE · FORMA=BSJ · BANCO=BANCO BICA
2025-04-24,PUTRUELE,uva_fresca,9360000.0,ars,oficial,media_agua,transferencia,Migración Excel BD COBROS · DESTINO=UVA DE MESA · COBRO=TRANSF · FORMA=BSJ
2025-04-21,BRIX,uva_fresca,656426.74,ars,oficial,media_agua,cheque,Migración Excel BD COBROS · DESTINO=BODEGA · COBRO=ECHEQUE · FORMA=BSJ · BANCO=SANTANDER
2025-05-16,OLIVER,uva_fresca,802660.0,ars,oficial,media_agua,cheque,Migración Excel BD COBROS · DESTINO=BODEGA · COBRO=CHEQUE · FORMA=CAJA · BANCO=MACRO · CHEQUE=5863
2025-05-16,OLIVER,uva_fresca,802660.0,ars,oficial,media_agua,cheque,Migración Excel BD COBROS · DESTINO=BODEGA · COBRO=CHEQUE · FORMA=CAJA · BANCO=MACRO · CHEQUE=5864
2025-05-16,OLIVER,uva_fresca,802660.0,ars,oficial,media_agua,cheque,Migración Excel BD COBROS · DESTINO=BODEGA · COBRO=CHEQUE · FORMA=CAJA · BANCO=MACRO · CHEQUE=5865
2025-05-16,OLIVER,uva_fresca,802660.0,ars,oficial,media_agua,cheque,Migración Excel BD COBROS · DESTINO=BODEGA · COBRO=CHEQUE · FORMA=CAJA · BANCO=MACRO · CHEQUE=5866
2025-05-16,OLIVER,uva_fresca,802660.0,ars,oficial,media_agua,cheque,Migración Excel BD COBROS · DESTINO=BODEGA · COBRO=CHEQUE · FORMA=CAJA · BANCO=MACRO · CHEQUE=5867
2025-05-16,OLIVER,uva_fresca,802660.0,ars,oficial,media_agua,cheque,Migración Excel BD COBROS · DESTINO=BODEGA · COBRO=CHEQUE · FORMA=CAJA · BANCO=MACRO · CHEQUE=5868
2025-05-16,OLIVER,uva_fresca,802660.0,ars,oficial,media_agua,cheque,Migración Excel BD COBROS · DESTINO=BODEGA · COBRO=CHEQUE · FORMA=CAJA · BANCO=MACRO · CHEQUE=5869
2025-05-16,OLIVER,uva_fresca,802660.0,ars,oficial,media_agua,cheque,Migración Excel BD COBROS · DESTINO=BODEGA · COBRO=CHEQUE · FORMA=CAJA · BANCO=MACRO · CHEQUE=5870
2025-05-16,OLIVER,uva_fresca,1797256.0,ars,oficial,media_agua,cheque,Migración Excel BD COBROS · DESTINO=BODEGA · COBRO=CHEQUE · FORMA=CAJA · BANCO=CREDICOOP · CHEQUE=7405
2025-05-16,OLIVER,uva_fresca,1797256.0,ars,oficial,media_agua,cheque,Migración Excel BD COBROS · DESTINO=BODEGA · COBRO=CHEQUE · FORMA=CAJA · BANCO=CREDICOOP · CHEQUE=7406
2025-05-16,OLIVER,uva_fresca,1797256.0,ars,oficial,media_agua,cheque,Migración Excel BD COBROS · DESTINO=BODEGA · COBRO=CHEQUE · FORMA=CAJA · BANCO=CREDICOOP · CHEQUE=7407
2025-05-21,PUTRUELE,uva_fresca,4640000.0,ars,oficial,media_agua,transferencia,Migración Excel BD COBROS · DESTINO=UVA DE MESA · COBRO=TRANSF · FORMA=BSJ
2025-05-21,PUTRUELE,uva_fresca,5000000.0,ars,oficial,media_agua,transferencia,Migración Excel BD COBROS · DESTINO=UVA DE MESA · COBRO=TRANSF · FORMA=BSJ
2025-06-03,ERICK,uva_fresca,585000.0,ars,no_oficial,media_agua,transferencia,Migración Excel BD COBROS · DESTINO=UVA DE MESA · COBRO=TRANSF · FORMA=MP CAMILO
2025-06-06,CEGUPA,uva_fresca,4500000.0,ars,oficial,media_agua,cheque,Migración Excel BD COBROS · DESTINO=BODEGA · COBRO=CHEQUE · FORMA=CAJA · BANCO=CREDICOOP · CHEQUE=6582
2025-06-06,CEGUPA,uva_fresca,5113000.0,ars,oficial,media_agua,cheque,Migración Excel BD COBROS · DESTINO=BODEGA · COBRO=CHEQUE · FORMA=CAJA · BANCO=CREDICOOP · CHEQUE=6583
2025-06-06,CEGUPA,uva_fresca,4500000.0,ars,oficial,media_agua,cheque,Migración Excel BD COBROS · DESTINO=BODEGA · COBRO=CHEQUE · FORMA=CAJA · BANCO=CREDICOOP · CHEQUE=6584
2025-06-06,CEGUPA,uva_fresca,5113000.0,ars,oficial,media_agua,cheque,Migración Excel BD COBROS · DESTINO=BODEGA · COBRO=CHEQUE · FORMA=CAJA · BANCO=CREDICOOP · CHEQUE=6585
2025-06-06,CEGUPA,uva_fresca,4500000.0,ars,oficial,media_agua,cheque,Migración Excel BD COBROS · DESTINO=BODEGA · COBRO=CHEQUE · FORMA=CAJA · BANCO=CREDICOOP · CHEQUE=6586
2025-06-06,CEGUPA,uva_fresca,5113000.0,ars,oficial,media_agua,cheque,Migración Excel BD COBROS · DESTINO=BODEGA · COBRO=CHEQUE · FORMA=CAJA · BANCO=CREDICOOP · CHEQUE=6587
2025-06-06,CEGUPA,uva_fresca,4500000.0,ars,oficial,media_agua,cheque,Migración Excel BD COBROS · DESTINO=BODEGA · COBRO=CHEQUE · FORMA=CAJA · BANCO=CREDICOOP · CHEQUE=6588
2025-06-06,CEGUPA,uva_fresca,5114140.0,ars,oficial,media_agua,cheque,Migración Excel BD COBROS · DESTINO=BODEGA · COBRO=CHEQUE · FORMA=CAJA · BANCO=CREDICOOP · CHEQUE=6589 · DETALLE=10227140
2025-06-13,CASARES,uva_fresca,600000.0,ars,no_oficial,media_agua,cheque,Migración Excel BD COBROS · DESTINO=UVA DE MESA · COBRO=CHEQUE · FORMA=CAJA · BANCO=BBVA · CHEQUE=418
2025-06-17,VIZCAINO,pasa,94400000,ars,no_oficial,media_agua,efectivo,Migración Excel BD COBROS · DESTINO=PASA · COBRO=UEFECTIVO · FORMA=CAJA
2025-06-24,VIZCAINO,pasa,1165480,ars,no_oficial,media_agua,transferencia,Migración Excel BD COBROS · DESTINO=PASA · COBRO=TRANSF · FORMA=GM
2025-06-25,CAVAS,uva_fresca,2620107.0,ars,oficial,media_agua,transferencia,Migración Excel BD COBROS · DESTINO=BODEGA · COBRO=TRANSF · FORMA=BSJ
2025-07-01,NATURAL FOOD,pasa,14950000,ars,no_oficial,media_agua,efectivo,Migración Excel BD COBROS · DESTINO=PASA · COBRO=UEFECTIVO · FORMA=CAJA
2025-07-14,MILLAN,uva_fresca,2427294.0,ars,oficial,media_agua,cheque,Migración Excel BD COBROS · DESTINO=BODEGA · COBRO=ECHEQUE · FORMA=BSJ
2025-07-14,MILLAN,uva_fresca,2427294.0,ars,oficial,media_agua,cheque,Migración Excel BD COBROS · DESTINO=BODEGA · COBRO=ECHEQUE · FORMA=BSJ
2025-07-14,MILLAN,uva_fresca,5109162.0,ars,oficial,media_agua,cheque,Migración Excel BD COBROS · DESTINO=BODEGA · COBRO=ECHEQUE · FORMA=BSJ
2025-07-14,MILLAN,uva_fresca,2427294.0,ars,oficial,media_agua,cheque,Migración Excel BD COBROS · DESTINO=BODEGA · COBRO=ECHEQUE · FORMA=BSJ
2025-07-14,MILLAN,uva_fresca,2427294.0,ars,oficial,media_agua,cheque,Migración Excel BD COBROS · DESTINO=BODEGA · COBRO=ECHEQUE · FORMA=BSJ
2025-07-14,MILLAN,uva_fresca,2427294.0,ars,oficial,media_agua,cheque,Migración Excel BD COBROS · DESTINO=BODEGA · COBRO=ECHEQUE · FORMA=BSJ
2025-07-14,MILLAN,uva_fresca,2427294.0,ars,oficial,media_agua,cheque,Migración Excel BD COBROS · DESTINO=BODEGA · COBRO=ECHEQUE · FORMA=BSJ
2025-07-08,VIZCAINO,pasa,36000000,ars,no_oficial,media_agua,transferencia,Migración Excel BD COBROS · DESTINO=PASA · COBRO=TRANSF · FORMA=GM
2025-07-22,VIZCAINO,pasa,34500000.0,ars,no_oficial,media_agua,transferencia,Migración Excel BD COBROS · DESTINO=PASA · COBRO=TRANSF · FORMA=GM
2025-07-24,VIZCAINO,pasa,45500000,ars,no_oficial,media_agua,efectivo,Migración Excel BD COBROS · DESTINO=PASA · COBRO=UEFECTIVO · FORMA=CAJA
2025-07-16,CAVAS,uva_fresca,2620107.0,ars,oficial,media_agua,transferencia,Migración Excel BD COBROS · DESTINO=BODEGA · COBRO=TRANSF · FORMA=BSJ
2025-07-23,CAVAS,uva_fresca,2620107.0,ars,oficial,media_agua,transferencia,Migración Excel BD COBROS · DESTINO=BODEGA · COBRO=TRANSF · FORMA=BSJ
2025-08-13,CAVAS,uva_fresca,2620107.0,ars,oficial,media_agua,transferencia,Migración Excel BD COBROS · DESTINO=BODEGA · COBRO=TRANSF · FORMA=BSJ
2025-08-21,PUTRUELE,uva_fresca,1238486.52,ars,oficial,media_agua,transferencia,Migración Excel BD COBROS · DESTINO=UVA DE MESA · COBRO=TRANSF · FORMA=BSJ
2025-08-21,PUTRUELE,uva_fresca,7024412.62,ars,oficial,media_agua,transferencia,Migración Excel BD COBROS · DESTINO=UVA DE MESA · COBRO=TRANSF · FORMA=BSJ
2025-08-28,VIZCAINO,pasa,46725000,ars,no_oficial,media_agua,efectivo,Migración Excel BD COBROS · DESTINO=PASA · COBRO=UEFECTIVO · FORMA=CAJA
2025-09-18,VIZCAINO,pasa,40500000.0,ars,oficial,media_agua,transferencia,Migración Excel BD COBROS · DESTINO=PASA · COBRO=TRANSF · FORMA=BSJ
2025-09-17,CAVAS,uva_fresca,2620107.0,ars,oficial,media_agua,transferencia,Migración Excel BD COBROS · DESTINO=BODEGA · COBRO=TRANSF · FORMA=BSJ
2025-10-07,CAVAS,uva_fresca,2620107.0,ars,oficial,media_agua,transferencia,Migración Excel BD COBROS · DESTINO=BODEGA · COBRO=TRANSF · FORMA=BSJ
2025-10-14,VIZCAINO,pasa,3446980.0,ars,oficial,media_agua,transferencia,Migración Excel BD COBROS · DESTINO=PASA · COBRO=TRANSF · FORMA=BSJ
2025-10-17,NATURAL FOOD,pasa,8000000.0,ars,oficial,media_agua,transferencia,Migración Excel BD COBROS · DESTINO=PASA · COBRO=TRANSF · FORMA=BSJ
2025-10-16,CEGUPA,uva_fresca,555882.8,ars,oficial,media_agua,cheque,Migración Excel BD COBROS · DESTINO=BODEGA · COBRO=CHEQUE · FORMA=CAJA · BANCO=CREDICOOP
2025-10-21,VIZCAINO,pasa,30000000.0,ars,oficial,media_agua,transferencia,Migración Excel BD COBROS · DESTINO=PASA · COBRO=TRANSF · FORMA=BSJ
2025-10-21,VIZCAINO,pasa,11458480.0,ars,oficial,media_agua,transferencia,Migración Excel BD COBROS · DESTINO=PASA · COBRO=TRANSF · FORMA=BSJ
2025-10-24,NATURAL FOOD,pasa,7791230.0,ars,oficial,media_agua,transferencia,Migración Excel BD COBROS · DESTINO=PASA · COBRO=TRANSF · FORMA=BSJ
2025-10-31,SARMIENTO,otro,500000.0,ars,no_oficial,media_agua,efectivo,Migración Excel BD COBROS · DESTINO=ALQUILER · COBRO=EFECTIVO · FORMA=CAJA
2025-10-20,CEGUPA,uva_fresca,337000.0,ars,oficial,media_agua,cheque,Migración Excel BD COBROS · DESTINO=BODEGA · COBRO=CHEQUE · FORMA=CAJA · BANCO=CREDICOOP
2025-10-20,CEGUPA,uva_fresca,337000.0,ars,oficial,media_agua,cheque,Migración Excel BD COBROS · DESTINO=BODEGA · COBRO=CHEQUE · FORMA=CAJA · BANCO=CREDICOOP
2025-10-20,CEGUPA,uva_fresca,337000.0,ars,oficial,media_agua,cheque,Migración Excel BD COBROS · DESTINO=BODEGA · COBRO=CHEQUE · FORMA=CAJA · BANCO=CREDICOOP
2025-10-20,CEGUPA,uva_fresca,337000.0,ars,oficial,media_agua,cheque,Migración Excel BD COBROS · DESTINO=BODEGA · COBRO=CHEQUE · FORMA=CAJA · BANCO=CREDICOOP
2025-10-20,CEGUPA,uva_fresca,337000.0,ars,oficial,media_agua,cheque,Migración Excel BD COBROS · DESTINO=BODEGA · COBRO=CHEQUE · FORMA=CAJA · BANCO=CREDICOOP
2025-10-20,CEGUPA,uva_fresca,337000.0,ars,oficial,media_agua,cheque,Migración Excel BD COBROS · DESTINO=BODEGA · COBRO=CHEQUE · FORMA=CAJA · BANCO=CREDICOOP
2025-10-20,CEGUPA,uva_fresca,337000.0,ars,oficial,media_agua,cheque,Migración Excel BD COBROS · DESTINO=BODEGA · COBRO=CHEQUE · FORMA=CAJA · BANCO=CREDICOOP
2025-10-20,CEGUPA,uva_fresca,332338.0,ars,oficial,media_agua,cheque,Migración Excel BD COBROS · DESTINO=BODEGA · COBRO=CHEQUE · FORMA=CAJA · BANCO=CREDICOOP
2025-10-23,VIZCAINO,pasa,47250000,ars,no_oficial,media_agua,efectivo,Migración Excel BD COBROS · DESTINO=PASA · COBRO=UEFECTIVO · FORMA=CAJA
2025-11-12,VIZCAINO,pasa,4441500.0,ars,oficial,media_agua,transferencia,Migración Excel BD COBROS · DESTINO=PASA · COBRO=TRANSF · FORMA=CAJA
2025-11-14,VIZCAINO,pasa,40576480.0,ars,oficial,media_agua,transferencia,Migración Excel BD COBROS · DESTINO=PASA · COBRO=TRANSF · FORMA=CAJA
2025-11-20,VIZCAINO,pasa,62300000,ars,no_oficial,media_agua,efectivo,Migración Excel BD COBROS · DESTINO=PASA · COBRO=UEFECTIVO · FORMA=CAJA
2025-12-12,VIZCAINO,pasa,4347000.0,ars,oficial,media_agua,transferencia,Migración Excel BD COBROS · DESTINO=PASA · COBRO=TRANSF · FORMA=BSJ
2025-12-12,NATURAL FOOD,pasa,16000000.0,ars,oficial,media_agua,transferencia,Migración Excel BD COBROS · DESTINO=PASA · COBRO=TRANSF · FORMA=BSJ
2025-12-16,NATURAL FOOD,pasa,14500000,ars,no_oficial,media_agua,efectivo,Migración Excel BD COBROS · DESTINO=PASA · COBRO=UEFECTIVO · FORMA=CAJA
2026-12-18,VIZCAINO,pasa,64525000,ars,no_oficial,media_agua,efectivo,Migración Excel BD COBROS · DESTINO=PASA · COBRO=UEFECTIVO · FORMA=CAJA
2025-12-19,NATURAL FOOD,pasa,16879980.0,ars,oficial,media_agua,transferencia,Migración Excel BD COBROS · DESTINO=PASA · COBRO=TRANSF · FORMA=BSJ
2026-01-08,NATURAL FOOD,pasa,22200000,ars,no_oficial,media_agua,efectivo,Migración Excel BD COBROS · DESTINO=PASA · COBRO=UEFECTIVO · FORMA=CAJA
2026-01-09,NATURAL FOOD,pasa,19664680.0,ars,oficial,media_agua,transferencia,Migración Excel BD COBROS · DESTINO=PASA · COBRO=TRANSF · FORMA=GM
2026-01-16,NATURAL FOOD,pasa,10000000.0,ars,oficial,media_agua,transferencia,Migración Excel BD COBROS · DESTINO=PASA · COBRO=TRANSF · FORMA=BSJ
2026-01-13,NATURAL FOOD,pasa,9859980.0,ars,oficial,media_agua,transferencia,Migración Excel BD COBROS · DESTINO=PASA · COBRO=TRANSF · FORMA=BSJ
2026-02-07,CASARES,uva_fresca,1500000.0,ars,no_oficial,media_agua,cheque,Migración Excel BD COBROS · DESTINO=UVA DE MESA · COBRO=CHEQUE · FORMA=CAJA · BANCO=DE LA PAMPA · CHEQUE=65584483
2026-02-07,CASARES,uva_fresca,3000000.0,ars,no_oficial,media_agua,efectivo,Migración Excel BD COBROS · DESTINO=UVA DE MESA · COBRO=EFECTIVO · FORMA=CAJA
2026-02-12,MILLAN,uva_fresca,356888.0,ars,oficial,media_agua,transferencia,Migración Excel BD COBROS · DESTINO=BODEGA · COBRO=TRANSF · FORMA=BSJ
2026-02-19,CEGUPA,uva_fresca,3000000.0,ars,oficial,media_agua,transferencia,Migración Excel BD COBROS · DESTINO=BODEGA · COBRO=TRANSF · FORMA=BSJ
2026-02-20,CARRASCOSA,uva_fresca,4000000.0,ars,no_oficial,media_agua,cheque,Migración Excel BD COBROS · DESTINO=UVA DE MESA · COBRO=CHEQUE · FORMA=CAJA · BANCO=CREDICOOP
2026-02-20,CARRASCOSA,uva_fresca,4942000.0,ars,no_oficial,media_agua,cheque,Migración Excel BD COBROS · DESTINO=UVA DE MESA · COBRO=CHEQUE · FORMA=CAJA · BANCO=CREDICOOP
2026-02-20,CAVAS,uva_fresca,2602107.0,ars,oficial,media_agua,transferencia,Migración Excel BD COBROS · DESTINO=BODEGA · COBRO=TRANSF · FORMA=BSJ
2026-02-23,CASARES,uva_fresca,1500000.0,ars,no_oficial,media_agua,transferencia,Migración Excel BD COBROS · DESTINO=UVA DE MESA · COBRO=TRANSF · FORMA=MP CAMILO
2026-02-24,CARRASCOSA,uva_fresca,3390000.0,ars,no_oficial,media_agua,transferencia,Migración Excel BD COBROS · DESTINO=UVA DE MESA · COBRO=TRANSF · FORMA=BSJ
2026-02-27,CARRASCOSA,uva_fresca,2110000.0,ars,no_oficial,media_agua,transferencia,Migración Excel BD COBROS · DESTINO=UVA DE MESA · COBRO=TRANSF · FORMA=BSJ
2026-02-27,CASARES,uva_fresca,1500000.0,ars,no_oficial,media_agua,transferencia,Migración Excel BD COBROS · DESTINO=UVA DE MESA · COBRO=TRANSF · FORMA=MP CAMILO
2026-03-03,CARRASCOSA,uva_fresca,4032000.0,ars,no_oficial,media_agua,transferencia,Migración Excel BD COBROS · DESTINO=UVA DE MESA · COBRO=TRANSF · FORMA=BSJ
2026-03-06,CARRASCOSA,uva_fresca,2234376.0,ars,no_oficial,media_agua,transferencia,Migración Excel BD COBROS · DESTINO=UVA DE MESA · COBRO=TRANSF · FORMA=BSJ
2026-03-11,CARRASCOSA,uva_fresca,5000000.0,ars,no_oficial,media_agua,transferencia,Migración Excel BD COBROS · DESTINO=UVA DE MESA · COBRO=TRANSF · FORMA=BSJ
2026-03-12,PUTRUELE,uva_fresca,10000000.0,ars,oficial,media_agua,transferencia,Migración Excel BD COBROS · DESTINO=UVA DE MESA · COBRO=TRANSF · FORMA=BSJ
2026-03-12,PUTRUELE,uva_fresca,7075000.0,ars,oficial,media_agua,transferencia,Migración Excel BD COBROS · DESTINO=UVA DE MESA · COBRO=TRANSF · FORMA=BSJ
2026-03-14,CASARES,uva_fresca,1000000.0,ars,no_oficial,media_agua,transferencia,Migración Excel BD COBROS · DESTINO=UVA DE MESA · COBRO=TRANSF · FORMA=MP CAMILO
2026-03-19,MILLAN,uva_fresca,2556400.0,ars,oficial,media_agua,transferencia,Migración Excel BD COBROS · DESTINO=BODEGA · COBRO=TRANSF · FORMA=BSJ
2026-03-20,CARRASCOSA,uva_fresca,5560360.0,ars,no_oficial,media_agua,cheque,Migración Excel BD COBROS · DESTINO=UVA DE MESA · COBRO=CHEQUE · FORMA=CAJA · BANCO=BANCO CIUDAD · CHEQUE=92139110
2026-03-21,CASARES,uva_fresca,1000000.0,ars,no_oficial,media_agua,transferencia,Migración Excel BD COBROS · DESTINO=UVA DE MESA · COBRO=TRANSF · FORMA=MP CAMILO
2026-03-09,CARRASCOSA,uva_fresca,1677000.0,ars,no_oficial,media_agua,transferencia,Migración Excel BD COBROS · DESTINO=UVA DE MESA · COBRO=TRANSF · FORMA=BSJ
2026-03-17,CARRASCOSA,uva_fresca,450000.0,ars,no_oficial,media_agua,transferencia,Migración Excel BD COBROS · DESTINO=UVA DE MESA · COBRO=TRANSF · FORMA=BSJ
2026-03-17,CARRASCOSA,uva_fresca,550000.0,ars,no_oficial,media_agua,transferencia,Migración Excel BD COBROS · DESTINO=UVA DE MESA · COBRO=TRANSF · FORMA=BSJ
2026-03-17,CARRASCOSA,uva_fresca,350000.0,ars,no_oficial,media_agua,transferencia,Migración Excel BD COBROS · DESTINO=UVA DE MESA · COBRO=TRANSF · FORMA=BSJ
2026-03-17,CARRASCOSA,uva_fresca,400000.0,ars,no_oficial,media_agua,transferencia,Migración Excel BD COBROS · DESTINO=UVA DE MESA · COBRO=TRANSF · FORMA=BSJ
2026-03-17,CARRASCOSA,uva_fresca,800000.0,ars,no_oficial,media_agua,transferencia,Migración Excel BD COBROS · DESTINO=UVA DE MESA · COBRO=TRANSF · FORMA=BSJ
2026-03-17,CARRASCOSA,uva_fresca,146352.0,ars,no_oficial,media_agua,transferencia,Migración Excel BD COBROS · DESTINO=UVA DE MESA · COBRO=TRANSF · FORMA=BSJ
2026-03-17,CARRASCOSA,uva_fresca,531480.0,ars,no_oficial,media_agua,transferencia,Migración Excel BD COBROS · DESTINO=UVA DE MESA · COBRO=TRANSF · FORMA=BSJ
2026-03-19,CARRASCOSA,uva_fresca,2556400.0,ars,no_oficial,media_agua,transferencia,Migración Excel BD COBROS · DESTINO=UVA DE MESA · COBRO=TRANSF · FORMA=BSJ
2026-03-19,CARRASCOSA,uva_fresca,126250.0,ars,no_oficial,media_agua,transferencia,Migración Excel BD COBROS · DESTINO=UVA DE MESA · COBRO=TRANSF · FORMA=BSJ
2026-03-20,CARRASCOSA,uva_fresca,168000.0,ars,no_oficial,media_agua,transferencia,Migración Excel BD COBROS · DESTINO=UVA DE MESA · COBRO=TRANSF · FORMA=BSJ
2026-03-25,CARRASCOSA,uva_fresca,871000.0,ars,no_oficial,media_agua,transferencia,Migración Excel BD COBROS · DESTINO=UVA DE MESA · COBRO=TRANSF · FORMA=BSJ
2026-03-25,CARRASCOSA,uva_fresca,1683000.0,ars,no_oficial,media_agua,transferencia,Migración Excel BD COBROS · DESTINO=UVA DE MESA · COBRO=TRANSF · FORMA=BSJ
2026-03-25,CARRASCOSA,uva_fresca,1000000.0,ars,no_oficial,media_agua,transferencia,Migración Excel BD COBROS · DESTINO=UVA DE MESA · COBRO=TRANSF · FORMA=BSJ
2026-03-25,CARRASCOSA,uva_fresca,3000000.0,ars,no_oficial,media_agua,transferencia,Migración Excel BD COBROS · DESTINO=UVA DE MESA · COBRO=TRANSF · FORMA=BSJ
2026-03-26,PUTRUELE,uva_fresca,10000000.0,ars,oficial,media_agua,transferencia,Migración Excel BD COBROS · DESTINO=UVA DE MESA · COBRO=TRANSF · FORMA=BSJ
2026-03-26,PUTRUELE,uva_fresca,7000000.0,ars,oficial,media_agua,transferencia,Migración Excel BD COBROS · DESTINO=UVA DE MESA · COBRO=TRANSF · FORMA=BSJ
2026-03-27,CARRASCOSA,uva_fresca,550000.0,ars,no_oficial,media_agua,transferencia,Migración Excel BD COBROS · DESTINO=UVA DE MESA · COBRO=TRANSF · FORMA=BSJ
2026-04-01,CASARES,uva_fresca,2000000.0,ars,no_oficial,media_agua,efectivo,Migración Excel BD COBROS · DESTINO=UVA DE MESA · COBRO=EFECTIVO · FORMA=CAJA
2026-04-01,CARRASCOSA,uva_fresca,199200.0,ars,no_oficial,media_agua,cheque,Migración Excel BD COBROS · DESTINO=UVA DE MESA · COBRO=CHEQUE · FORMA=CAJA · BANCO=CREDICOOP
2026-04-01,CARRASCOSA,uva_fresca,307800.0,ars,no_oficial,media_agua,cheque,Migración Excel BD COBROS · DESTINO=UVA DE MESA · COBRO=CHEQUE · FORMA=CAJA · BANCO=GALICIA
2026-04-01,CARRASCOSA,uva_fresca,925000.0,ars,no_oficial,media_agua,cheque,Migración Excel BD COBROS · DESTINO=UVA DE MESA · COBRO=CHEQUE · FORMA=CAJA · BANCO=MACRO
2026-04-01,CARRASCOSA,uva_fresca,1500000.0,ars,no_oficial,media_agua,cheque,Migración Excel BD COBROS · DESTINO=UVA DE MESA · COBRO=CHEQUE · FORMA=CAJA · BANCO=FRANCES
2026-04-01,CARRASCOSA,uva_fresca,2500000.0,ars,no_oficial,media_agua,cheque,Migración Excel BD COBROS · DESTINO=UVA DE MESA · COBRO=CHEQUE · FORMA=CAJA · BANCO=CREDICOOP
2026-04-01,CARRASCOSA,uva_fresca,3000000.0,ars,no_oficial,media_agua,cheque,Migración Excel BD COBROS · DESTINO=UVA DE MESA · COBRO=CHEQUE · FORMA=CAJA · BANCO=SUPERVIELLE
2026-04-01,CARRASCOSA,uva_fresca,3500000.0,ars,no_oficial,media_agua,cheque,Migración Excel BD COBROS · DESTINO=UVA DE MESA · COBRO=CHEQUE · FORMA=CAJA · BANCO=SUPERVIELLE
2026-04-01,CARRASCOSA,uva_fresca,13500.0,ars,no_oficial,media_agua,efectivo,Migración Excel BD COBROS · DESTINO=UVA DE MESA · COBRO=EFECTIVO · FORMA=CAJA
2026-04-06,MOLINA,otro,2500000.0,ars,no_oficial,media_agua,cheque,Migración Excel BD COBROS · DESTINO=ALFALFA · COBRO=CHEQUE · FORMA=CAJA · BANCO=SANTANDER · CHEQUE=17900360
2026-04-09,PUTRUELE,uva_fresca,10000000.0,ars,oficial,media_agua,transferencia,Migración Excel BD COBROS · DESTINO=UVA DE MESA · COBRO=TRANSF · FORMA=BSJ
2026-04-10,APROAGRO,otro,17114300.0,ars,oficial,media_agua,transferencia,Migración Excel BD COBROS · DESTINO=ALFALFA · COBRO=TRANSF · FORMA=BSJ
2026-04-16,PUTRUELE,uva_fresca,10000000.0,ars,oficial,media_agua,transferencia,Migración Excel BD COBROS · DESTINO=UVA DE MESA · COBRO=TRANSF · FORMA=BSJ · DETALLE=58060218
2026-04-21,MOLINA,otro,1000000.0,ars,no_oficial,media_agua,cheque,Migración Excel BD COBROS · DESTINO=ALFALFA · COBRO=CHEQUE · FORMA=CAJA · BANCO=SANTANDER · CHEQUE=20825 · DETALLE=58209568
2026-04-21,MOLINA,otro,1000000.0,ars,no_oficial,media_agua,cheque,Migración Excel BD COBROS · DESTINO=ALFALFA · COBRO=CHEQUE · FORMA=CAJA · BANCO=SANTANDER · CHEQUE=22859 · DETALLE=149350
2026-04-21,MOLINA,otro,762000.0,ars,no_oficial,media_agua,cheque,Migración Excel BD COBROS · DESTINO=ALFALFA · COBRO=CHEQUE · FORMA=CAJA · BANCO=SANTANDER · CHEQUE=21945
2026-04-29,PUTRUELE,uva_fresca,4200000.0,ars,oficial,media_agua,transferencia,Migración Excel BD COBROS · DESTINO=UVA DE MESA · COBRO=TRANSF · FORMA=BSJ
2026-05-02,CASARES,uva_fresca,543200.0,ars,no_oficial,media_agua,transferencia,Migración Excel BD COBROS · DESTINO=UVA DE MESA · COBRO=TRANSF · FORMA=MP CAMILO
2026-05-06,SARMIENTO,otro,10000000.0,ars,no_oficial,media_agua,transferencia,Migración Excel BD COBROS · DESTINO=ALQUILER · COBRO=TRANSF · FORMA=BSJ
2026-05-14,PUTRUELE,uva_fresca,5383397.94,ars,oficial,media_agua,transferencia,Migración Excel BD COBROS · DESTINO=UVA DE MESA · COBRO=TRANSF · FORMA=BSJ
